N,Algorithm,Minimum Search Time
1000,Binary Search,5.709910000000206e-07
1000,Linear Search,8.800966999999105e-06
1000,Interpolation Search,2.1509699999811004e-07
100000,Binary Search,8.778849999977467e-07
100000,Linear Search,0.0007426672240000016
100000,Interpolation Search,1.85155000000492e-07
1000000,Binary Search,1.298272999999739e-06
1000000,Linear Search,0.007274742267000001
1000000,Interpolation Search,3.445039999974142e-07
10000000,Binary Search,3.155178999996622e-06
10000000,Linear Search,0.072844360908
10000000,Interpolation Search,5.618249999770342e-07
